"","version_0.4","version_0.5","version_0.6","filename"
"3proxy",969,70,73,"3proxy"
"ab",44,9,9,"ab"
"ag",2206,69,164,"ag"
"airdecap-ng",174,96,54,"airdecap-ng"
"airolib-ng",93,41,41,"airolib-ng"
"apt-cache",331,86,115,"apt-cache"
"apt-ftparchive",1084,433,420,"apt-ftparchive"
"apt-mark",102,40,38,"apt-mark"
"ar",2500,0,0,"ar"
"aria_chk",0,0,0,"aria_chk"
"aria_dump_log",3299,807,944,"aria_dump_log"
"aria_ftdump",3350,824,969,"aria_ftdump"
"aria_pack",3402,819,983,"aria_pack"
"aria_read_log",3987,869,1058,"aria_read_log"
"arj",437,310,297,"arj"
"aspell",605,246,333,"aspell"
"atk6-alive6",0,0,0,"atk6-alive6"
"atk6-dnsdict6",0,0,0,"atk6-dnsdict6"
"atk6-fake_router26",95,104,113,"atk6-fake_router26"
"atk6-firewall6",87,95,94,"atk6-firewall6"
"atk6-fragmentation6",22,0,0,"atk6-fragmentation6"
"atk6-fragrouter6",76,84,109,"atk6-fragrouter6"
"atk6-fuzz_dhcps6",92,111,107,"atk6-fuzz_dhcps6"
"atk6-fuzz_ip6",84,115,126,"atk6-fuzz_ip6"
"atk6-implementation6",81,119,103,"atk6-implementation6"
"atk6-thcping6",0,0,0,"atk6-thcping6"
"atk6-trace6",118,82,84,"atk6-trace6"
"atril",0,0,0,"atril"
"atril-previewer",21,1,1,"atril-previewer"
"axel",164,43,44,"axel"
"b2sum",32,24,29,"b2sum"
"basenc",19,18,17,"basenc"
"bash",2025,1599,0,"bash"
"bccmd",63,42,40,"bccmd"
"bitmap",467,32,32,"bitmap"
"bluemoon",17,51,9,"bluemoon"
"bluetoothctl",261,106,56,"bluetoothctl"
"bootctl",66,41,39,"bootctl"
"broadwayd",73,11,12,"broadwayd"
"btattach",19,65,13,"btattach"
"btmgmt",188,152,105,"btmgmt"
"btmon",333,185,68,"btmon"
"btrfs",1572,0,437,"btrfs"
"btrfs-debug-tree",806,0,188,"btrfs-debug-tree"
"btrfs-find-root",791,0,182,"btrfs-find-root"
"btrfs-image",881,271,200,"btrfs-image"
"btrfs-map-logical",790,0,181,"btrfs-map-logical"
"btrfs-select-super",786,0,182,"btrfs-select-super"
"btrfs-zero-log",786,0,182,"btrfs-zero-log"
"btrfstune",787,0,164,"btrfstune"
"bulk_extractor",4333,2336,1374,"bulk_extractor"
"bully",408,185,200,"bully"
"busctl",43,0,0,"busctl"
"busybox",0,0,0,"busybox"
"bwrap",42,32,39,"bwrap"
"cadaver",139,102,96,"cadaver"
"cgpt",72,26,38,"cgpt"
"chage",79,29,38,"chage"
"chcon",175,29,36,"chcon"
"cherrytree",0,0,261,"cherrytree"
"chfn",61,31,38,"chfn"
"chgrp",193,32,39,"chgrp"
"chmod",195,30,62,"chmod"
"choom",34,18,23,"choom"
"chown",194,33,41,"chown"
"chsh",65,25,31,"chsh"
"cifsdd",38,16,14,"cifsdd"
"ciptool",77,55,68,"ciptool"
"citrix",343,111,119,"citrix"
"cjpeg",27,3,5,"cjpeg"
"closed_source_web_server_fuzz",358,119,122,"closed_source_web_server_fuzz"
"cluster",477,0,0,"cluster"
"colormgr",0,0,0,"colormgr"
"column",61,49,55,"column"
"corkscrew",414,15,13,"corkscrew"
"cp",703,101,141,"cp"
"cpio",412,151,167,"cpio"
"crunch",163,111,169,"crunch"
"csplit",472,124,133,"csplit"
"curl",325,61,91,"curl"
"curlftpfs",32,30,28,"curlftpfs"
"cutycapt",28,2,2,"cutycapt"
"cvtsudoers",450,176,134,"cvtsudoers"
"dash",131,53,63,"dash"
"date",98,72,77,"date"
"dbd",117,33,33,"dbd"
"dbus-daemon",442,20,58,"dbus-daemon"
"dceoversmb",366,126,125,"dceoversmb"
"dd",96,63,64,"dd"
"desktop-file-install",83,0,0,"desktop-file-install"
"desktop-file-validate",82,0,0,"desktop-file-validate"
"df",171,71,85,"df"
"diff",883,223,247,"diff"
"diff3",105,53,55,"diff3"
"dig",405,173,135,"dig"
"dir",233,158,123,"dir"
"dirb",73,81,84,"dirb"
"dirmngr",981,527,531,"dirmngr"
"dirmngr-client",137,93,92,"dirmngr-client"
"dmesg",28,28,28,"dmesg"
"dns2tcpc",84,32,33,"dns2tcpc"
"dns2tcpd",110,40,47,"dns2tcpd"
"dos2unix",88,5,7,"dos2unix"
"do_post",350,122,123,"do_post"
"dpkg",601,178,187,"dpkg"
"dpkg-deb",211,95,92,"dpkg-deb"
"dpkg-divert",251,92,93,"dpkg-divert"
"dpkg-query",275,109,108,"dpkg-query"
"dpkg-split",219,82,80,"dpkg-split"
"dpkg-statoverride",63,29,30,"dpkg-statoverride"
"dpkg-trigger",78,33,30,"dpkg-trigger"
"du",677,159,178,"du"
"dumpcap",196,33,35,"dumpcap"
"dumpkeys",87,31,33,"dumpkeys"
"ed",48,47,62,"ed"
"edgepaint",412,323,432,"edgepaint"
"editcap",41,9,8,"editcap"
"editres",86,22,27,"editres"
"eject",75,54,66,"eject"
"engrampa",550,1,0,"engrampa"
"eqn",0,0,0,"eqn"
"etterfilter",64,35,32,"etterfilter"
"etterlog",67,13,15,"etterlog"
"exiv2",610,373,396,"exiv2"
"exo-desktop-item-edit",36,1,2,"exo-desktop-item-edit"
"expr",476,161,156,"expr"
"factor",116,54,49,"factor"
"fastjar",89,58,49,"fastjar"
"fidentify",0,0,0,"fidentify"
"filan",47,73,76,"filan"
"file",27,87,64,"file"
"find",0,0,0,"find"
"findmnt",11,19,20,"findmnt"
"fish",0,0,0,"fish"
"fiwalk",0,0,0,"fiwalk"
"flac",408,96,104,"flac"
"futility",200,187,247,"futility"
"g-ir-compiler",0,0,0,"g-ir-compiler"
"gatttool",331,212,124,"gatttool"
"gawk",0,0,0,"gawk"
"gdbus",42,12,9,"gdbus"
"generic_chunked",357,114,122,"generic_chunked"
"generic_listen_tcp",347,110,118,"generic_listen_tcp"
"generic_send_tcp",342,110,118,"generic_send_tcp"
"generic_send_udp",340,110,118,"generic_send_udp"
"generic_web_server_fuzz",358,114,122,"generic_web_server_fuzz"
"generic_web_server_fuzz2",365,114,122,"generic_web_server_fuzz2"
"gio",4,47,46,"gio"
"git",0,0,0,"git"
"git-shell",0,1938,1390,"git-shell"
"gnome-keyring-daemon",0,0,0,"gnome-keyring-daemon"
"gopherd",345,112,118,"gopherd"
"gpasswd",109,66,70,"gpasswd"
"gpg",0,0,0,"gpg"
"gpg-agent",593,369,349,"gpg-agent"
"gpg-connect-agent",288,136,136,"gpg-connect-agent"
"gpg-wks-server",454,161,179,"gpg-wks-server"
"gpgcompose",0,0,0,"gpgcompose"
"gpgconf",159,95,91,"gpgconf"
"gpgsm",817,370,405,"gpgsm"
"gpgsplit",82,67,67,"gpgsplit"
"gpgtar",300,126,127,"gpgtar"
"gpgv",1244,294,353,"gpgv"
"grep",689,186,241,"grep"
"grepjar",448,124,132,"grepjar"
"groff",318,186,212,"groff"
"grops",439,218,309,"grops"
"grotty",321,149,204,"grotty"
"grub-editenv",1074,121,188,"grub-editenv"
"grub-file",0,0,0,"grub-file"
"grub-fstest",0,0,0,"grub-fstest"
"grub-glue-efi",1072,123,188,"grub-glue-efi"
"grub-menulst2cfg",265,94,135,"grub-menulst2cfg"
"grub-mkfont",1109,131,199,"grub-mkfont"
"grub-mkimage",1478,189,282,"grub-mkimage"
"grub-mklayout",0,0,0,"grub-mklayout"
"grub-mknetdir",1575,246,427,"grub-mknetdir"
"grub-mkpasswd-pbkdf2",1094,128,191,"grub-mkpasswd-pbkdf2"
"grub-mkrelpath",1073,127,189,"grub-mkrelpath"
"grub-mkrescue",0,0,0,"grub-mkrescue"
"grub-mkstandalone",1684,273,453,"grub-mkstandalone"
"grub-mount",0,0,0,"grub-mount"
"grub-render-label",0,0,0,"grub-render-label"
"grub-script-check",1131,127,209,"grub-script-check"
"grub-syslinux2cfg",0,0,0,"grub-syslinux2cfg"
"gvmap",477,0,0,"gvmap"
"gzip",159,71,83,"gzip"
"halflife",344,111,120,"halflife"
"hashcat",2351,348,370,"hashcat"
"hashdeep",584,0,0,"hashdeep"
"hciattach",44,54,53,"hciattach"
"hciconfig",69,59,59,"hciconfig"
"hcidump",1003,107,79,"hcidump"
"hcitool",61,69,58,"hcitool"
"heartbleeder",0,0,0,"heartbleeder"
"hexdump",69,29,31,"hexdump"
"hexeditor",97,82,73,"hexeditor"
"host",389,72,42,"host"
"hotpatcher",78,27,27,"hotpatcher"
"ht",0,0,0,"ht"
"htop",2153,71,72,"htop"
"httptunnel-client",242,13,18,"httptunnel-client"
"httptunnel-server",279,13,17,"httptunnel-server"
"hydra",110,1,2,"hydra"
"ico",10,0,0,"ico"
"iconv",341,40,52,"iconv"
"ike-scan",135,73,104,"ike-scan"
"infocmp",0,0,0,"infocmp"
"innochecksum",0,0,0,"innochecksum"
"install",503,97,132,"install"
"iostat",108,62,40,"iostat"
"ip",694,205,267,"ip"
"ipcs",37,21,33,"ipcs"
"ivstools",108,40,38,"ivstools"
"join",41,23,18,"join"
"journalctl",74,6,11,"journalctl"
"kbxutil",368,145,143,"kbxutil"
"kismetdb_clean",0,0,0,"kismetdb_clean"
"kismetdb_dump_devices",768,37,0,"kismetdb_dump_devices"
"kismetdb_statistics",781,39,0,"kismetdb_statistics"
"kismetdb_to_gpx",1000,48,0,"kismetdb_to_gpx"
"kismetdb_to_kml",1057,39,0,"kismetdb_to_kml"
"kismetdb_to_pcap",0,0,0,"kismetdb_to_pcap"
"kismetdb_to_wiglecsv",1434,48,0,"kismetdb_to_wiglecsv"
"kismet_cap_kismetdb",0,0,0,"kismet_cap_kismetdb"
"kismet_cap_linux_bluetooth",199,45,62,"kismet_cap_linux_bluetooth"
"kismet_cap_linux_wifi",250,133,142,"kismet_cap_linux_wifi"
"kismet_cap_nrf_51822",179,45,56,"kismet_cap_nrf_51822"
"kismet_cap_nrf_52840",196,39,60,"kismet_cap_nrf_52840"
"kismet_cap_nrf_mousejack",191,50,72,"kismet_cap_nrf_mousejack"
"kismet_cap_nxp_kw41z",199,41,62,"kismet_cap_nxp_kw41z"
"kismet_cap_pcapfile",184,37,54,"kismet_cap_pcapfile"
"kismet_cap_rz_killerbee",183,42,63,"kismet_cap_rz_killerbee"
"kismet_cap_ti_cc_2531",193,43,64,"kismet_cap_ti_cc_2531"
"kismet_cap_ti_cc_2540",193,43,62,"kismet_cap_ti_cc_2540"
"kismet_cap_ubertooth_one",181,41,58,"kismet_cap_ubertooth_one"
"kmod",448,285,317,"kmod"
"l2ping",28,26,26,"l2ping"
"l2test",34,27,27,"l2test"
"ld",2907,0,0,"ld"
"ldapcompare",70,43,36,"ldapcompare"
"ldapdelete",68,68,30,"ldapdelete"
"ldapexop",69,42,36,"ldapexop"
"ldapmodify",92,42,31,"ldapmodify"
"ldapmodrdn",80,41,30,"ldapmodrdn"
"ldappasswd",69,44,33,"ldappasswd"
"ldapsearch",90,86,52,"ldapsearch"
"ldapwhoami",67,40,29,"ldapwhoami"
"ldrdf",46,55,29,"ldrdf"
"lefty",490,268,280,"lefty"
"less",288,121,132,"less"
"lexgrog",41,17,20,"lexgrog"
"light-locker",29,1,0,"light-locker"
"line_send_tcp",342,110,118,"line_send_tcp"
"ln",96,51,66,"ln"
"loadkeys",156,63,66,"loadkeys"
"locale",62,25,21,"locale"
"localedef",1235,334,0,"localedef"
"logger",37,47,41,"logger"
"login",76,47,56,"login"
"loginctl",0,0,1,"loginctl"
"logtop",1017,19,35,"logtop"
"lowntfs-3g",140,77,83,"lowntfs-3g"
"ls",233,158,123,"ls"
"lsblk",54,48,44,"lsblk"
"lsciphers",0,658,555,"lsciphers"
"lscpu",137,66,68,"lscpu"
"lsipc",72,38,52,"lsipc"
"lslogins",42,46,33,"lslogins"
"lsmem",46,28,29,"lsmem"
"lsns",37,15,27,"lsns"
"lsof",281,206,262,"lsof"
"lspci",96,7,7,"lspci"
"lstopo",291,44,54,"lstopo"
"lstopo-no-graphics",257,44,55,"lstopo-no-graphics"
"lsusb",68,0,0,"lsusb"
"luit",31,9,8,"luit"
"make",0,0,0,"make"
"man",108,61,66,"man"
"mandb",100,50,61,"mandb"
"mariadb",1522,0,0,"mariadb"
"mariadb-admin",1718,753,862,"mariadb-admin"
"mariadb-binlog",0,0,0,"mariadb-binlog"
"mariadb-check",1699,737,854,"mariadb-check"
"mariadb-conv",1377,286,321,"mariadb-conv"
"mariadb-dump",1897,770,894,"mariadb-dump"
"mariadb-import",1719,704,762,"mariadb-import"
"mariadb-plugin",1090,252,270,"mariadb-plugin"
"mariadb-show",1718,745,855,"mariadb-show"
"mariadb-slap",1769,746,888,"mariadb-slap"
"mariadb-tzinfo-to-sql",1080,247,264,"mariadb-tzinfo-to-sql"
"mariadb-upgrade",0,0,0,"mariadb-upgrade"
"mariadb-waitpid",1070,241,259,"mariadb-waitpid"
"mariadbd-safe-helper",1004,215,222,"mariadbd-safe-helper"
"mate-calc",202,0,0,"mate-calc"
"mate-calc-cmd",0,0,0,"mate-calc-cmd"
"mawk",208,97,109,"mawk"
"md5deep",584,0,0,"md5deep"
"mdsearch",0,0,0,"mdsearch"
"medusa",131,139,142,"medusa"
"metaflac",105,95,102,"metaflac"
"mingle",0,0,0,"mingle"
"minicom",267,203,201,"minicom"
"mkdir",250,52,82,"mkdir"
"mkfifo",177,37,45,"mkfifo"
"mkfs.btrfs",870,247,188,"mkfs.btrfs"
"mknod",201,39,55,"mknod"
"mksquashfs",342,156,175,"mksquashfs"
"mm2gv",179,102,240,"mm2gv"
"mmcli",94,27,25,"mmcli"
"more",47,23,23,"more"
"mount",27,23,24,"mount"
"mousepad",173,0,0,"mousepad"
"mpg123.bin",115,0,0,"mpg123.bin"
"mpris-proxy",120,15,12,"mpris-proxy"
"mpstat",103,69,64,"mpstat"
"msrpcfuzz",355,124,123,"msrpcfuzz"
"msrpcfuzz_udp",350,124,123,"msrpcfuzz_udp"
"mt-gnu",238,105,114,"mt-gnu"
"mv",675,94,138,"mv"
"myisamchk",0,0,0,"myisamchk"
"myisamlog",1784,446,491,"myisamlog"
"myisampack",1854,471,536,"myisampack"
"myisam_ftdump",1808,463,517,"myisam_ftdump"
"my_print_defaults",1071,242,261,"my_print_defaults"
"nano",527,319,395,"nano"
"nasm",745,1159,354,"nasm"
"ncdu",1607,138,69,"ncdu"
"ncrack",1213,22,14,"ncrack"
"ndisasm",27,27,57,"ndisasm"
"net",538,0,0,"net"
"netkit-ftp",141,49,58,"netkit-ftp"
"netstat",137,134,131,"netstat"
"networkctl",161,15,29,"networkctl"
"nl",480,131,140,"nl"
"nm",2480,0,0,"nm"
"nm-applet",195,33,45,"nm-applet"
"nm-connection-editor",244,25,32,"nm-connection-editor"
"nmap_centos5",0,0,0,"nmap_centos5"
"nmblookup",194,42,50,"nmblookup"
"nmcli",759,330,372,"nmcli"
"nmtui",342,183,141,"nmtui"
"nslookup",442,75,43,"nslookup"
"nstat",67,34,43,"nstat"
"nsupdate",31,102,65,"nsupdate"
"ntfs-3g",159,89,125,"ntfs-3g"
"ntfsdecrypt",33,12,14,"ntfsdecrypt"
"ntfsinfo",88,5,7,"ntfsinfo"
"ntfsrecover",146,145,171,"ntfsrecover"
"ntfssecaudit",50,0,28,"ntfssecaudit"
"ntfswipe",102,18,21,"ntfswipe"
"ntlm2",516,176,171,"ntlm2"
"ntlm_brute",509,172,165,"ntlm_brute"
"ntpdc",104,24,41,"ntpdc"
"ntpq",182,91,118,"ntpq"
"numfmt",0,0,0,"numfmt"
"obexctl",169,58,36,"obexctl"
"objcopy",2647,612,328,"objcopy"
"objdump",3071,0,0,"objdump"
"od",60,1,0,"od"
"onesixtyone",18,9,10,"onesixtyone"
"openfortivpn",170,97,105,"openfortivpn"
"openssl",266,112,154,"openssl"
"ophcrack",536,13,0,"ophcrack"
"ophcrack-cli",527,280,307,"ophcrack-cli"
"out123",49,72,50,"out123"
"pacat",3,3,3,"pacat"
"packetforge-ng",0,0,0,"packetforge-ng"
"packetq",0,0,0,"packetq"
"pactl",23,3,5,"pactl"
"parole",251,0,0,"parole"
"partx",128,76,88,"partx"
"passwd",71,26,37,"passwd"
"patch",308,162,179,"patch"
"pavucontrol",319,10,31,"pavucontrol"
"perl",0,0,0,"perl"
"perl5.32.1",0,0,0,"perl5.32.1"
"perror",0,0,0,"perror"
"photorec",0,0,0,"photorec"
"pic",233,97,183,"pic"
"pidstat",106,46,56,"pidstat"
"pinentry-curses",0,0,0,"pinentry-curses"
"pinentry-gnome3",0,0,0,"pinentry-gnome3"
"ping",21,18,20,"ping"
"pixiewps",72,34,42,"pixiewps"
"pmspike",344,115,120,"pmspike"
"post_fuzz",358,119,122,"post_fuzz"
"post_spike",351,122,123,"post_spike"
"pr",0,0,0,"pr"
"preconv",141,97,100,"preconv"
"printf",0,0,0,"printf"
"procan",46,66,69,"procan"
"profiles",81,30,31,"profiles"
"proxytunnel",67,67,63,"proxytunnel"
"ps",57,100,112,"ps"
"pstat",0,0,0,"pstat"
"pth-curl",1248,388,436,"pth-curl"
"ptx",558,156,174,"ptx"
"pulseaudio",100,2,2,"pulseaudio"
"pv",182,10,100,"pv"
"qt5ct",104,0,0,"qt5ct"
"quake",344,111,120,"quake"
"quakeserver",348,111,120,"quakeserver"
"r2agent",418,254,324,"r2agent"
"r2r",513,292,352,"r2r"
"rabin2",418,254,324,"rabin2"
"radare2",425,256,326,"radare2"
"radiff2",418,254,324,"radiff2"
"rafind2",418,254,324,"rafind2"
"ragg2",418,254,324,"ragg2"
"rahash2",418,254,324,"rahash2"
"ranlib",2500,0,0,"ranlib"
"rarun2",418,254,324,"rarun2"
"rasign2",418,254,324,"rasign2"
"rasm2",418,254,324,"rasm2"
"rawshark",0,0,0,"rawshark"
"rax2",418,254,324,"rax2"
"rb",55,16,14,"rb"
"rctest",80,50,62,"rctest"
"rdesktop",1062,477,455,"rdesktop"
"rdf2bin",12,56,9,"rdf2bin"
"rdma",161,63,66,"rdma"
"readelf",736,87,59,"readelf"
"readlink",93,25,25,"readlink"
"realpath",105,27,32,"realpath"
"rearj",196,59,55,"rearj"
"reaver",531,267,333,"reaver"
"recordmydesktop",247,104,129,"recordmydesktop"
"redir",484,21,18,"redir"
"rendercheck",69,42,22,"rendercheck"
"replace",1079,228,248,"replace"
"resizepart",48,33,45,"resizepart"
"resolvectl",62,24,28,"resolvectl"
"resolveip",1072,241,258,"resolveip"
"resolve_stack_dump",1089,241,258,"resolve_stack_dump"
"rfcomm",32,36,35,"rfcomm"
"ristretto",215,4,16,"ristretto"
"rm",193,35,49,"rm"
"rmdir",61,26,28,"rmdir"
"rpcclient",0,0,0,"rpcclient"
"rpcgen",0,0,0,"rpcgen"
"rsync",0,0,0,"rsync"
"rx",55,16,14,"rx"
"rz",55,16,14,"rz"
"sadf",670,215,150,"sadf"
"samba-regedit",198,22,23,"samba-regedit"
"sane-find-scanner",149,101,83,"sane-find-scanner"
"sar.sysstat",316,137,121,"sar.sysstat"
"sb",38,12,8,"sb"
"sbd",131,20,20,"sbd"
"scalpel",90,80,56,"scalpel"
"scanimage",8,0,0,"scanimage"
"scp",140,134,125,"scp"
"screen",1208,505,487,"screen"
"script",104,19,20,"script"
"scriptlive",57,18,19,"scriptlive"
"sdptool",115,63,72,"sdptool"
"sed",210,66,105,"sed"
"sendmsrpc",360,120,120,"sendmsrpc"
"seq",0,0,0,"seq"
"sftp",214,170,193,"sftp"
"sha1deep",584,0,0,"sha1deep"
"sha1sum",30,15,20,"sha1sum"
"sha224sum",20,16,21,"sha224sum"
"sha256deep",584,0,0,"sha256deep"
"sha256sum",20,16,21,"sha256sum"
"sha384sum",20,16,21,"sha384sum"
"sha512sum",20,16,21,"sha512sum"
"sharkd",0,0,0,"sharkd"
"shred",56,45,42,"shred"
"shuf",95,22,21,"shuf"
"size",2485,0,0,"size"
"skipfish",1118,650,937,"skipfish"
"smbclient",79,46,40,"smbclient"
"smbcontrol",34,21,43,"smbcontrol"
"snmpnetstat",39,115,41,"snmpnetstat"
"socat",0,0,0,"socat"
"sort",217,70,68,"sort"
"speech-dispatcher",166,61,137,"speech-dispatcher"
"split",34,29,26,"split"
"spooftooph",140,116,106,"spooftooph"
"sqldiff",0,0,0,"sqldiff"
"sqlite3",0,0,0,"sqlite3"
"sqsh",145,0,0,"sqsh"
"ss",127,110,120,"ss"
"ssh",1031,400,880,"ssh"
"ssh-add",303,206,421,"ssh-add"
"ssh-agent",250,168,379,"ssh-agent"
"ssh-keygen",483,256,629,"ssh-keygen"
"ssh-keyscan",465,271,489,"ssh-keyscan"
"sslsplit",408,127,147,"sslsplit"
"ss_spike",344,119,119,"ss_spike"
"stat",137,91,90,"stat"
"statd_spike",345,115,120,"statd_spike"
"stdbuf",71,34,36,"stdbuf"
"strace",0,0,0,"strace"
"strings",2477,0,0,"strings"
"stty",77,46,38,"stty"
"stunnel4",0,0,0,"stunnel4"
"su",78,40,41,"su"
"sudo",180,36,45,"sudo"
"sudoreplay",138,0,0,"sudoreplay"
"sunrpcfuzz",352,114,121,"sunrpcfuzz"
"svn",262,50,55,"svn"
"svnadmin",11,2,2,"svnadmin"
"svnbench",27,4,2,"svnbench"
"svnlook",22,4,6,"svnlook"
"svnrdump",40,6,3,"svnrdump"
"svnserve",26,9,16,"svnserve"
"sx",38,12,8,"sx"
"systemctl",139,135,97,"systemctl"
"systemd-analyze",2845,620,349,"systemd-analyze"
"systemd-hwdb",125,78,96,"systemd-hwdb"
"systemd-mount",1,7,5,"systemd-mount"
"systemd-run",2,5,4,"systemd-run"
"systemd-sysusers",55,36,36,"systemd-sysusers"
"systemd-tmpfiles",21,8,17,"systemd-tmpfiles"
"sz",38,12,8,"sz"
"tac",473,127,136,"tac"
"tail",115,26,30,"tail"
"tapestat",30,38,35,"tapestat"
"tar",905,443,453,"tar"
"tbl",406,0,0,"tbl"
"tcpbridge",2378,0,0,"tcpbridge"
"tcpcapinfo",1106,0,0,"tcpcapinfo"
"tcpdump",820,24,192,"tcpdump"
"tcpliveplay",1180,0,0,"tcpliveplay"
"tcpprep",1514,0,0,"tcpprep"
"tcpreplay",1559,0,0,"tcpreplay"
"tcpreplay-edit",2625,0,0,"tcpreplay-edit"
"tcprewrite",2226,0,0,"tcprewrite"
"telnet.netkit",106,111,85,"telnet.netkit"
"test",103,30,33,"test"
"testdisk",1392,179,270,"testdisk"
"text2pcap",69,26,23,"text2pcap"
"thunar",0,0,0,"thunar"
"tic",34,0,0,"tic"
"tigerdeep",584,0,0,"tigerdeep"
"tmux",2102,0,0,"tmux"
"top",0,0,0,"top"
"touch",98,70,75,"touch"
"tpmc",29,32,27,"tpmc"
"tr",47,21,14,"tr"
"traceroute.db",70,43,29,"traceroute.db"
"troff",834,243,0,"troff"
"trust",160,66,115,"trust"
"tshark",414,0,0,"tshark"
"tsk_comparedir",0,0,0,"tsk_comparedir"
"tsk_gettimes",0,0,0,"tsk_gettimes"
"tsk_loaddb",0,0,0,"tsk_loaddb"
"tsk_recover",0,0,0,"tsk_recover"
"tsort",171,16,12,"tsort"
"udevadm",633,364,461,"udevadm"
"udisksctl",11,16,12,"udisksctl"
"umax_pp",76,124,130,"umax_pp"
"uniq",30,21,18,"uniq"
"unix2dos",88,5,7,"unix2dos"
"unrar-nonfree",1479,266,200,"unrar-nonfree"
"unsquashfs",98,69,54,"unsquashfs"
"unzip",163,97,112,"unzip"
"unzipsfx",87,54,74,"unzipsfx"
"update-alternatives",50,98,117,"update-alternatives"
"update-mime-database",51,16,21,"update-mime-database"
"upx-ucl",2735,258,257,"upx-ucl"
"VBoxClient",0,0,0,"VBoxClient"
"vdir",233,158,123,"vdir"
"vim",0,0,0,"vim"
"vim.basic",0,0,0,"vim.basic"
"vim.tiny",2224,162,0,"vim.tiny"
"voiphopper",147,189,180,"voiphopper"
"vsyasm",1005,0,0,"vsyasm"
"wash",531,267,333,"wash"
"wdctl",35,26,27,"wdctl"
"webfuzz",340,113,118,"webfuzz"
"wg",854,18,60,"wg"
"wget",1079,426,441,"wget"
"whatis",73,30,38,"whatis"
"whirlpooldeep",584,0,0,"whirlpooldeep"
"who",72,41,47,"who"
"whois",106,99,98,"whois"
"winexe",2,4,5,"winexe"
"wpa_passphrase",74,61,61,"wpa_passphrase"
"x11perf",108,0,0,"x11perf"
"x11_spike",345,120,120,"x11_spike"
"x86_64-linux-gnu-ar",80,37,60,"x86_64-linux-gnu-ar"
"x86_64-linux-gnu-as",0,0,0,"x86_64-linux-gnu-as"
"x86_64-linux-gnu-c++filt",0,0,0,"x86_64-linux-gnu-c++filt"
"x86_64-linux-gnu-cpp-10",983,94,44,"x86_64-linux-gnu-cpp-10"
"x86_64-linux-gnu-g++-10",986,92,42,"x86_64-linux-gnu-g++-10"
"x86_64-linux-gnu-gcc-10",983,97,45,"x86_64-linux-gnu-gcc-10"
"x86_64-linux-gnu-gcov-dump-10",0,0,0,"x86_64-linux-gnu-gcov-dump-10"
"x86_64-linux-gnu-gcov-tool-10",0,0,0,"x86_64-linux-gnu-gcov-tool-10"
"x86_64-linux-gnu-gprof",283,321,125,"x86_64-linux-gnu-gprof"
"x86_64-linux-gnu-ld.bfd",952,798,810,"x86_64-linux-gnu-ld.bfd"
"x86_64-linux-gnu-ld.gold",0,0,0,"x86_64-linux-gnu-ld.gold"
"x86_64-linux-gnu-objcopy",1299,19,0,"x86_64-linux-gnu-objcopy"
"x86_64-linux-gnu-objdump",1420,14,26,"x86_64-linux-gnu-objdump"
"x86_64-linux-gnu-ranlib",80,37,60,"x86_64-linux-gnu-ranlib"
"x86_64-linux-gnu-readelf",566,0,0,"x86_64-linux-gnu-readelf"
"x86_64-linux-gnu-strip",1299,19,0,"x86_64-linux-gnu-strip"
"xargs",0,0,0,"xargs"
"xauth",76,45,64,"xauth"
"xclock",0,0,0,"xclock"
"xdg-dbus-proxy",52,16,21,"xdg-dbus-proxy"
"xditview",53,13,15,"xditview"
"xdotool",45,27,49,"xdotool"
"xedit",0,0,0,"xedit"
"xfce4-about",5,5,6,"xfce4-about"
"xfce4-accessibility-settings",0,2,2,"xfce4-accessibility-settings"
"xfce4-appearance-settings",0,2,2,"xfce4-appearance-settings"
"xfce4-appfinder",124,21,26,"xfce4-appfinder"
"xfce4-clipman",56,2,4,"xfce4-clipman"
"xfce4-clipman-history",59,2,3,"xfce4-clipman-history"
"xfce4-clipman-settings",11,2,3,"xfce4-clipman-settings"
"xfce4-color-settings",28,11,11,"xfce4-color-settings"
"xfce4-display-settings",0,0,0,"xfce4-display-settings"
"xfce4-keyboard-settings",33,2,2,"xfce4-keyboard-settings"
"xfce4-mime-helper",17,1,2,"xfce4-mime-helper"
"xfce4-mime-settings",29,2,2,"xfce4-mime-settings"
"xfce4-mouse-settings",5,0,0,"xfce4-mouse-settings"
"xfce4-notifyd-config",3,1,1,"xfce4-notifyd-config"
"xfce4-panel",262,2,2,"xfce4-panel"
"xfce4-power-manager",0,0,0,"xfce4-power-manager"
"xfce4-power-manager-settings",8,3,8,"xfce4-power-manager-settings"
"xfce4-screenshooter",23,6,10,"xfce4-screenshooter"
"xfce4-session",0,0,0,"xfce4-session"
"xfce4-session-settings",44,14,23,"xfce4-session-settings"
"xfce4-settings-editor",0,0,0,"xfce4-settings-editor"
"xfce4-taskmanager",57,8,10,"xfce4-taskmanager"
"xfdesktop",0,0,0,"xfdesktop"
"xfdesktop-settings",50,7,13,"xfdesktop-settings"
"xfreerdp",215,25,28,"xfreerdp"
"xfsettingsd",185,1,1,"xfsettingsd"
"xfwm4",1520,0,0,"xfwm4"
"xfwm4-settings",8,0,0,"xfwm4-settings"
"xfwm4-workspace-settings",1,1,1,"xfwm4-workspace-settings"
"xgc",0,0,0,"xgc"
"xhydra",5,23,4,"xhydra"
"xkbcomp",671,97,103,"xkbcomp"
"xkbprint",16,9,9,"xkbprint"
"xman",96,34,43,"xman"
"xmllint",13,13,14,"xmllint"
"xprop",13,23,22,"xprop"
"xrandr",472,0,0,"xrandr"
"xsm",128,89,140,"xsm"
"Xtightvnc",0,0,0,"Xtightvnc"
"xtightvncviewer",65,47,57,"xtightvncviewer"
"Xvfb",0,0,0,"Xvfb"
"xwininfo",86,12,10,"xwininfo"
"xz",71,72,17,"xz"
"yasm",1005,0,0,"yasm"
"ytasm",1002,0,0,"ytasm"
"zenity",0,0,0,"zenity"
"zip",370,344,343,"zip"
"zipcloak",232,261,237,"zipcloak"
"zipinfo",163,97,112,"zipinfo"
"zipnote",227,246,249,"zipnote"
"zipsplit",219,236,235,"zipsplit"
"zsh",0,0,0,"zsh"
"[",103,30,33,"["
